﻿pos_x,pos_y,rotation,side,designator,mpn,pack,footprint,value,mount_type
108.5725,-105.329999,90.0,top,C1,,,C_0402_1005Metric_Pad0.74x0.62mm_HandSolder,1uF,smt
82.0,-118.5675,-90.0,top,C10,,,C_0402_1005Metric_Pad0.74x0.62mm_HandSolder,4.7nF,smt
80.0,-118.5675,90.0,top,C11,,,C_0402_1005Metric_Pad0.74x0.62mm_HandSolder,4.7nF,smt
93.0,-122.5,-90.0,top,C12,,,C_0402_1005Metric_Pad0.74x0.62mm_HandSolder,100nF,smt
94.0,-122.5,90.0,top,C13,,,C_0402_1005Metric_Pad0.74x0.62mm_HandSolder,10uF,smt
95.0,-122.5,-90.0,top,C14,,,C_0402_1005Metric_Pad0.74x0.62mm_HandSolder,1uF,smt
97.5,-122.32,0.0,top,C15,,,C_0805_2012Metric_Pad1.18x1.45mm_HandSolder,100uF,smt
100.0,-122.4325,-90.0,top,C16,,,C_0402_1005Metric_Pad0.74x0.62mm_HandSolder,1uF,smt
91.0,-107.0,180.0,top,C17,,,C_0402_1005Metric_Pad0.74x0.62mm_HandSolder,1.5nF,smt
96.5,-107.0,180.0,top,C18,,,C_0402_1005Metric_Pad0.74x0.62mm_HandSolder,100nF,smt
96.5,-106.0,0.0,top,C19,,,C_0402_1005Metric_Pad0.74x0.62mm_HandSolder,1uF,smt
105.8225,-105.329999,-90.0,top,C2,,,C_0402_1005Metric_Pad0.74x0.62mm_HandSolder,1uF,smt
113.25,-110.75,180.0,top,C20,,,C_0402_1005Metric_Pad0.74x0.62mm_HandSolder,100nF,smt
115.5,-101.5,0.0,top,C21,,,C_0402_1005Metric_Pad0.74x0.62mm_HandSolder,100pF,smt
114.0,-106.3,90.0,top,C22,,,C_0402_1005Metric_Pad0.74x0.62mm_HandSolder,1uF,smt
123.0,-110.75,0.0,top,C23,,,C_0402_1005Metric_Pad0.74x0.62mm_HandSolder,100nF,smt
119.0,-100.515,0.0,top,C24,,,C_0402_1005Metric,0p3,smt
118.975,-103.515,0.0,top,C25,,,C_0402_1005Metric,0p8,smt
112.2,-98.65,90.0,top,C26,,,C_0603_1608Metric_Pad1.08x0.95mm_HandSolder,12pF,smt
112.25,-102.0,90.0,top,C27,,,C_0603_1608Metric_Pad1.08x0.95mm_HandSolder,12pF,smt
92.0,-122.5,-90.0,top,C28,,,C_0402_1005Metric_Pad0.74x0.62mm_HandSolder,1uF,smt
91.0,-123.3325,-90.0,top,C29,,,C_0402_1005Metric_Pad0.74x0.62mm_HandSolder,1uF,smt
100.515,-104.2525,90.0,top,C3,,,C_0402_1005Metric_Pad0.74x0.62mm_HandSolder,4.7uF,smt
90.0,-124.1,-90.0,top,C30,,,C_0402_1005Metric_Pad0.74x0.62mm_HandSolder,1uF,smt
94.5,-106.5,90.0,top,C31,,,C_0402_1005Metric_Pad0.74x0.62mm_HandSolder,1uF,smt
93.0,-106.5,90.0,top,C32,,,C_0402_1005Metric_Pad0.74x0.62mm_HandSolder,1uF,smt
103.5,-105.75,0.0,top,C33,,,C_0402_1005Metric_Pad0.74x0.62mm_HandSolder,1uF,smt
101.5,-109.32,90.0,top,C34,,,C_0402_1005Metric_Pad0.74x0.62mm_HandSolder,1uF,smt
96.015,-104.25,90.0,top,C4,,,C_0402_1005Metric_Pad0.74x0.62mm_HandSolder,1uF,smt
100.515,-102.0025,90.0,top,C5,,,C_0402_1005Metric_Pad0.74x0.62mm_HandSolder,4.7uF,smt
100.015,-100.32,0.0,top,C6,,,C_0402_1005Metric_Pad0.74x0.62mm_HandSolder,1uF,smt
100.015,-99.25,0.0,top,C7,,,C_0402_1005Metric_Pad0.74x0.62mm_HandSolder,1uF,smt
86.0,-118.5675,-90.0,top,C8,,,C_0402_1005Metric_Pad0.74x0.62mm_HandSolder,4.7nF,smt
83.5,-118.5675,-90.0,top,C9,,,C_0402_1005Metric_Pad0.74x0.62mm_HandSolder,4.7nF,smt
118.7275,-99.015,90.0,top,FLT1,,,DLF162500LT-5028A1,DLF162500LT-5028A1,smt
153.85,-96.3,0.0,top,FM1,,,Fiducial_1mm_Mask2mm,Fiducial,smt
75.0,-100.0,0.0,top,FM2,,,Fiducial_1mm_Mask2mm,Fiducial,smt
75.0,-124.95,0.0,top,FM3,,,Fiducial_1mm_Mask2mm,Fiducial,smt
73.0,-115.32,-90.0,top,J1,687108149022,,687108149022,687108149022,smt
107.0,-114.8,-90.0,top,J2,PH1-06-UA,,PH1-06-UA,PH1-06-UA,tht
131.0,-98.73,-90.0,top,J3,FTSH-105-01-L-DV-K,,FTSH10501LDVK,FTSH-105-01-L-DV-K,smt
124.5,-108.75,0.0,top,J4,PH1-12-UA,,PH1-12-UA,PH1-12-UA,tht
112.25,-106.75,0.0,top,L1,,,L_0402_1005Metric_Pad0.77x0.64mm_HandSolder,15nH,smt
111.8375,-108.75,180.0,top,L2,,,L_1008_2520Metric_Pad1.43x2.20mm_HandSolder,10uH,smt
119.23,-95.515,-90.0,top,L3,,,AMCA31-2R450G-S1F-T3,AMCA31-2R450G-S1F-T3,smt
118.5,-102.015,90.0,top,L4,,,L_0402_1005Metric,2n7,smt
98.6125,-101.75,180.0,top,R1,,,R_0402_1005Metric_Pad0.72x0.64mm_HandSolder,6.34K,smt
105.5,-107.0,180.0,top,R10,,,R_0402_1005Metric_Pad0.72x0.64mm_HandSolder,1M,smt
107.0,-109.25,0.0,top,R11,,,R_0402_1005Metric_Pad0.72x0.64mm_HandSolder,10K,smt
107.0,-111.4025,0.0,top,R12,,,R_0402_1005Metric_Pad0.72x0.64mm_HandSolder,10K,smt
107.0,-110.25,0.0,top,R13,,,R_0402_1005Metric_Pad0.72x0.64mm_HandSolder,10K,smt
107.0,-112.4025,0.0,top,R14,,,R_0402_1005Metric_Pad0.72x0.64mm_HandSolder,10K,smt
109.0,-108.4025,90.0,top,R15,,,R_0402_1005Metric_Pad0.72x0.64mm_HandSolder,10K,smt
101.5,-122.5,-90.0,top,R16,,,R_0402_1005Metric_Pad0.72x0.64mm_HandSolder,10K,smt
100.015,-98.25,0.0,top,R2,,,R_0402_1005Metric_Pad0.72x0.64mm_HandSolder,10K,smt
79.4025,-113.82,0.0,top,R3,,,R_0402_1005Metric_Pad0.72x0.64mm_HandSolder,5K,smt
79.4025,-114.82,0.0,top,R4,,,R_0402_1005Metric_Pad0.72x0.64mm_HandSolder,5K,smt
79.4025,-115.82,0.0,top,R5,,,R_0402_1005Metric_Pad0.72x0.64mm_HandSolder,5K,smt
79.4025,-116.82,180.0,top,R6,,,R_0402_1005Metric_Pad0.72x0.64mm_HandSolder,5K,smt
78.75,-118.5675,-90.0,top,R7,,,R_0402_1005Metric_Pad0.72x0.64mm_HandSolder,5K,smt
85.75,-107.82,180.0,top,R8,,,R_0402_1005Metric_Pad0.72x0.64mm_HandSolder,50K,smt
91.0,-106.0,0.0,top,R9,,,R_0402_1005Metric_Pad0.72x0.64mm_HandSolder,1M,smt
132.14,-120.13,0.0,top,U1,1016TR,,1016TR,1016TR,tht
107.255,-104.829999,0.0,top,U2,,,TPS7A2030PDQNR,TPS7A2030PDQNR,smt
98.265,-103.5,180.0,top,U3,,,LM27761DSGT,LM27761,smt
94.25,-114.32,0.0,top,U4,,,ADS1299IPAGR,ADS1299IPAGR,smt
118.25,-107.6175,90.0,top,U5,,,NRF52832-QFAA-R,nRF52832-QFxx,smt
108.7,-99.4,180.0,top,Y1,,,Crystal_SMD_3225-4Pin_3.2x2.5mm_HandSoldering,32MHz,smt
