﻿pos_x,pos_y,rotation,side,designator,mpn,pack,footprint,value,mount_type
107.4,-106.0,-90.0,top,C1,,,C_0402_1005Metric_Pad0.74x0.62mm_HandSolder,1uF,smt
82.4,-119.25,-90.0,top,C10,,,C_0402_1005Metric_Pad0.74x0.62mm_HandSolder,4.7nF,smt
80.6,-119.25,90.0,top,C11,,,C_0402_1005Metric_Pad0.74x0.62mm_HandSolder,4.7nF,smt
93.65,-122.65,0.0,top,C12,,,C_0402_1005Metric_Pad0.74x0.62mm_HandSolder,100nF,smt
93.65,-121.65,180.0,top,C13,,,C_0402_1005Metric_Pad0.74x0.62mm_HandSolder,10uF,smt
94.95,-124.2325,-90.0,top,C14,,,C_0402_1005Metric_Pad0.74x0.62mm_HandSolder,1uF,smt
96.5,-123.3,-90.0,top,C15,,,C_0805_2012Metric_Pad1.18x1.45mm_HandSolder,100uF,smt
98.7,-121.8,0.0,top,C16,,,C_0402_1005Metric_Pad0.74x0.62mm_HandSolder,1uF,smt
85.8,-108.0,180.0,top,C17,,,C_0402_1005Metric_Pad0.74x0.62mm_HandSolder,1.5nF,smt
94.8,-106.4,-90.0,top,C18,,,C_0402_1005Metric_Pad0.74x0.62mm_HandSolder,100nF,smt
96.5,-105.6,0.0,top,C19,,,C_0402_1005Metric_Pad0.74x0.62mm_HandSolder,1uF,smt
104.4,-106.0,-90.0,top,C2,,,C_0402_1005Metric_Pad0.74x0.62mm_HandSolder,1uF,smt
113.25,-110.75,180.0,top,C20,,,C_0402_1005Metric_Pad0.74x0.62mm_HandSolder,100nF,smt
116.3,-102.2,-45.0,top,C21,,,C_0402_1005Metric_Pad0.74x0.62mm_HandSolder,100pF,smt
114.0,-106.1,90.0,top,C22,,,C_0402_1005Metric_Pad0.74x0.62mm_HandSolder,1uF,smt
123.0,-110.75,0.0,top,C23,,,C_0402_1005Metric_Pad0.74x0.62mm_HandSolder,100nF,smt
112.3325,-104.8,0.0,top,C24,,,C_0402_1005Metric_Pad0.74x0.62mm_HandSolder,4.7uF,smt
119.0,-98.0,0.0,top,C25,,,C_0402_1005Metric,0p3,smt
118.975,-101.25,0.0,top,C26,,,C_0402_1005Metric,0p8,smt
113.45,-100.35,90.0,top,C27,,,C_0603_1608Metric_Pad1.08x0.95mm_HandSolder,12pF,smt
112.5,-103.55,0.0,top,C28,,,C_0603_1608Metric_Pad1.08x0.95mm_HandSolder,12pF,smt
92.0,-122.25,-90.0,top,C29,,,C_0402_1005Metric_Pad0.74x0.62mm_HandSolder,1uF,smt
98.4,-98.4,-135.0,top,C3,,,C_0402_1005Metric_Pad0.74x0.62mm_HandSolder,4.7uF,smt
90.95,-122.9,-90.0,top,C30,,,C_0402_1005Metric_Pad0.74x0.62mm_HandSolder,1uF,smt
93.7,-106.4,90.0,top,C31,,,C_0402_1005Metric_Pad0.74x0.62mm_HandSolder,1uF,smt
96.5,-106.8,0.0,top,C32,,,C_0402_1005Metric_Pad0.74x0.62mm_HandSolder,1uF,smt
92.6,-105.8,90.0,top,C33,,,C_0402_1005Metric_Pad0.74x0.62mm_HandSolder,1uF,smt
99.4,-107.0,0.0,top,C34,,,C_0402_1005Metric_Pad0.74x0.62mm_HandSolder,1uF,smt
101.8,-109.8,90.0,top,C35,,,C_0402_1005Metric_Pad0.74x0.62mm_HandSolder,1uF,smt
101.6,-105.2,45.0,top,C4,,,C_0805_2012Metric,33uF,smt
99.5,-103.9,45.0,top,C5,,,C_0805_2012Metric,33uF,smt
85.8,-119.25,-90.0,top,C8,,,C_0402_1005Metric_Pad0.74x0.62mm_HandSolder,4.7nF,smt
84.0,-119.25,-90.0,top,C9,,,C_0402_1005Metric_Pad0.74x0.62mm_HandSolder,4.7nF,smt
109.594,-106.0,0.0,top,D1,BAT30F4,,BAT30F4,BAT30F4,smt
118.5,-96.3625,90.0,top,FLT1,,,DLF162500LT-5028A1,DLF162500LT-5028A1,smt
136.575,-102.925,0.0,top,FM1,,,Fiducial_1mm_Mask2mm,Fiducial,smt
107.5,-95.0,0.0,top,FM2,,,Fiducial_1mm_Mask2mm,Fiducial,smt
82.0,-123.5,0.0,top,FM3,,,Fiducial_1mm_Mask2mm,Fiducial,smt
73.0,-115.32,-90.0,top,J1,687108149022,,687108149022,687108149022,smt
107.0,-114.8,-90.0,top,J2,PH1-06-UA,,PH1-06-UA,PH1-06-UA,tht
129.563326,-101.436674,-45.0,top,J3,FTSH-105-01-L-DV-K,,FTSH10501LDVK,FTSH-105-01-L-DV-K,smt
124.5,-108.75,0.0,top,J4,PH1-12-UA,,PH1-12-UA,PH1-12-UA,tht
112.25,-106.7,0.0,top,L1,,,L_0402_1005Metric_Pad0.77x0.64mm_HandSolder,15nH,smt
111.8375,-108.75,180.0,top,L2,,,L_1008_2520Metric_Pad1.43x2.20mm_HandSolder,10uH,smt
118.5,-91.5,90.0,top,L3,,,AMCA31-2R450G-S1F-T3,AMCA31-2R450G-S1F-T3,smt
118.5,-99.75,90.0,top,L4,,,L_0402_1005Metric,2n7,smt
101.3,-99.5,-135.0,top,L5,DFE252012F-2R2M=P2,,DFE252012F-2R2M=P2,2.2uH,smt
97.1,-102.0,-135.0,top,PS1,TPS613222ADBVT,,TPS613222ADBVT,TPS613222ADBVT,smt
102.4,-108.0,0.0,top,R10,,,R_0402_1005Metric_Pad0.72x0.64mm_HandSolder,1M,smt
107.0,-108.6,0.0,top,R11,,,R_0402_1005Metric_Pad0.72x0.64mm_HandSolder,10K,smt
107.0,-109.8,0.0,top,R12,,,R_0402_1005Metric_Pad0.72x0.64mm_HandSolder,10K,smt
107.0,-111.0,0.0,top,R13,,,R_0402_1005Metric_Pad0.72x0.64mm_HandSolder,10K,smt
107.0,-112.2,0.0,top,R14,,,R_0402_1005Metric_Pad0.72x0.64mm_HandSolder,10K,smt
109.4,-110.7,0.0,top,R15,,,R_0402_1005Metric_Pad0.72x0.64mm_HandSolder,10K,smt
101.5,-122.5,-90.0,top,R16,,,R_0402_1005Metric_Pad0.72x0.64mm_HandSolder,10K,smt
79.6,-113.0,0.0,top,R3,,,R_0402_1005Metric_Pad0.72x0.64mm_HandSolder,5K,smt
79.6,-114.4,0.0,top,R4,,,R_0402_1005Metric_Pad0.72x0.64mm_HandSolder,5K,smt
79.6,-115.8,0.0,top,R5,,,R_0402_1005Metric_Pad0.72x0.64mm_HandSolder,5K,smt
79.6,-117.2,180.0,top,R6,,,R_0402_1005Metric_Pad0.72x0.64mm_HandSolder,5K,smt
79.0,-119.25,-90.0,top,R7,,,R_0402_1005Metric_Pad0.72x0.64mm_HandSolder,5K,smt
79.6,-109.2,180.0,top,R8,,,R_0402_1005Metric_Pad0.72x0.64mm_HandSolder,50K,smt
85.8,-109.2,0.0,top,R9,,,R_0402_1005Metric_Pad0.72x0.64mm_HandSolder,1M,smt
132.14,-120.13,0.0,top,U1,1016TR,,1016TR,1016TR,tht
105.940735,-105.954453,0.0,top,U2,,,TPS7A2030PDQNR,TPS7A2030PDQNR,smt
94.25,-114.32,0.0,top,U4,,,ADS1299IPAGR,ADS1299IPAGR,smt
118.25,-107.6175,90.0,top,U5,,,NRF52832-QFAA-R,nRF52832-QFxx,smt
109.45,-100.35,180.0,top,Y1,,,Crystal_SMD_3225-4Pin_3.2x2.5mm_HandSoldering,32MHz,smt
