﻿Designator,Quantity,Value,Footprint,Package,MPN,DNP,Mount_Type,Description,Distributor Link,Manufacturer,Manufacturer Part Number,Height,Mouser Part Number,Mouser Price/Stock,Manufacturer_Name
"C1, C14, C16, C19, C2, C22, C28, C29, C30, C31, C32, C33, C34, C4, C6, C7",16,1uF,C_0402_1005Metric_Pad0.74x0.62mm_HandSolder,,,,smt,Unpolarized capacitor,https://www.mouser.co.uk/ProductDetail/KYOCERA-AVX/04024D105KAT2A?qs=HeiVa0IqVQ2uOGVXn8o0MQ%3D%3D,KYOCERA AVX,04024D105KAT2A,,,,
"C10, C11, C8, C9",4,4.7nF,C_0402_1005Metric_Pad0.74x0.62mm_HandSolder,,,,smt,Unpolarized capacitor,https://www.mouser.co.uk/ProductDetail/Murata-Electronics/GRM1555C1H472GE01D?qs=d0WKAl%252BL4KYIMWk4cxSyWw%3D%3D,Murata Electronics,GRM1555C1H472GE01D,,,,
"C12, C18, C20, C23",4,100nF,C_0402_1005Metric_Pad0.74x0.62mm_HandSolder,,,,smt,Unpolarized capacitor,https://www.mouser.co.uk/ProductDetail/KYOCERA-AVX/04026C104MAT2A?qs=Q0wCMCRSJ1sLSNo3sJbzCQ%3D%3D,KYOCERA AVX,04026C104MAT2A,,,,
C13,1,10uF,C_0402_1005Metric_Pad0.74x0.62mm_HandSolder,,,,smt,Unpolarized capacitor,https://www.mouser.co.uk/ProductDetail/KEMET/C0402C106M7PAC7867?qs=kZJHmUDErizJnkDIcqVWRQ%3D%3D,KEMET,C0402C106M7PAC7867,,,,
C15,1,100uF,C_0805_2012Metric_Pad1.18x1.45mm_HandSolder,,,,smt,Unpolarized capacitor,https://www.mouser.co.uk/ProductDetail/Murata-Electronics/GRM21BR60G107ME11K?qs=Ey7%2FXF42M3fOLsEspt2sSQ%3D%3D,Murata Electronics,GRM21BR60G107ME11K,,,,
C17,1,1.5nF,C_0402_1005Metric_Pad0.74x0.62mm_HandSolder,,,,smt,Unpolarized capacitor,https://www.mouser.co.uk/ProductDetail/KYOCERA-AVX/04026C152KAT2A?qs=VAsDcOInMofuPoYW5ASD8g%3D%3D,KYOCERA AVX ,04026C152KAT2A,,,,
C21,1,100pF,C_0402_1005Metric_Pad0.74x0.62mm_HandSolder,,,,smt,Unpolarized capacitor,https://www.mouser.co.uk/ProductDetail/KYOCERA-AVX/04026C101KAT2A?qs=nyfP64xlqc%2FN9ABjcoge4g%3D%3D,KYOCERA AVX,04026C101KAT2A,,,,
C24,1,0p3,C_0402_1005Metric,,,,smt,,https://www.mouser.co.uk/ProductDetail/Murata-Electronics/GRM1555C1HR30WA01D?qs=e%252BE4OD6MgMcS%252BbE0ktTutg%3D%3D,Murata,GRM1555C1HR30WA01D,,,,
C25,1,0p8,C_0402_1005Metric,,,,smt,,https://www.mouser.co.uk/ProductDetail/Murata-Electronics/GJM1555C1HR80BB01J?qs=YLLXL5qGyDv4FtqLFns7Ew%3D%3D,Murata,GJM1555C1HR80BB01J,,,,
"C26, C27",2,12pF,C_0603_1608Metric_Pad1.08x0.95mm_HandSolder,,,,smt,Unpolarized capacitor,https://www.mouser.co.uk/ProductDetail/KEMET/C0603C120K9RAC7411?qs=rrS6PyfT74fGanMoi9Yszw%3D%3D,KEMET,C0603C120K9RAC7411,,,,
"C3, C5",2,4.7uF,C_0402_1005Metric_Pad0.74x0.62mm_HandSolder,,,,smt,Unpolarized capacitor,https://www.mouser.co.uk/ProductDetail/KYOCERA-AVX/CM05X5R475M16AH?qs=doiCPypUmgFT1xquZKhWtQ%3D%3D,KYOCERA AVX,CM05X5R475M16AH,,,,
FLT1,1,DLF162500LT-5028A1,DLF162500LT-5028A1,,,,smt,,https://www.mouser.co.uk/ProductDetail/TDK/DLF162500LT-5028A1?qs=U%2FZX79kHR%2FlwIbAISCs3qA%3D%3D,TDK,DLF162500LT-5028A1,,,,
J1,1,687108149022,687108149022,,687108149022,,smt,"Wurth Elektronik WR-FPC Series 0.5mm Pitch 8 Way Horizontal SMT Female FPC Connector, ZIF Bottom Contact",https://www.mouser.co.uk/ProductDetail/Wurth-Elektronik/687108149022?qs=a9WhcLg8qCwCfT8TEgjjUA%3D%3D,Wurth Elektronik,687108149022,4,710-687108149022,https://www.mouser.co.uk/ProductDetail/Wurth-Elektronik/687108149022?qs=a9WhcLg8qCwCfT8TEgjjUA%3D%3D,Wurth Elektronik
J2,1,PH1-06-UA,PH1-06-UA,,PH1-06-UA,,tht,CONN HEADER VERT 6POS 2.54MM,https://www.mouser.co.uk/ProductDetail/Adam-Tech/PH1-06-UA?qs=HoCaDK9Nz5eIYt3TJpOa9Q%3D%3D,Adam Tech,PH1-06-UA ,9.516,737-PH1-06-UA,https://www.mouser.co.uk/ProductDetail/Adam-Tech/PH1-06-UA?qs=HoCaDK9Nz5eIYt3TJpOa9Q%3D%3D,Adam Tech
J3,1,FTSH-105-01-L-DV-K,FTSH10501LDVK,,FTSH-105-01-L-DV-K,,smt,"Samtec, FTSH, 10 Way, 2 Row, Straight Pin Header",https://www.mouser.co.uk/ProductDetail/Samtec/FTSH-105-01-L-DV-K?qs=%252B5JSS813miOqo3Vy%252BvhCFg%3D%3D,Samtec,FTSH-105-01-L-DV-K ,6.1,200-FTSH10501LDVK,https://www.mouser.co.uk/ProductDetail/Samtec/FTSH-105-01-L-DV-K?qs=%252B5JSS813miOqo3Vy%252BvhCFg%3D%3D,SAMTEC
J4,1,PH1-12-UA,PH1-12-UA,,PH1-12-UA,,tht,Conn Unshrouded Header HDR 6 POS 2.54mm Solder ST Top Entry Thru-Hole Bag,https://www.mouser.co.uk/ProductDetail/Adam-Tech/PH1-12-UA?qs=HoCaDK9Nz5f4jFrqzX%252Bs7Q%3D%3D,Adam Tech,PH1-12-UA ,8.469,737-PH1-12-UA,https://www.mouser.co.uk/ProductDetail/Adam-Tech/PH1-12-UA?qs=HoCaDK9Nz5f4jFrqzX%252Bs7Q%3D%3D,Adam Tech
L1,1,15nH,L_0402_1005Metric_Pad0.77x0.64mm_HandSolder,,,,smt,Inductor,https://www.mouser.co.uk/ProductDetail/Murata-Electronics/LQW15AN15NG8ZD?qs=qkDYIeTQ%252BEkWHIEsQlPCzg%3D%3D,Murata Electronics,LQW15AN15NG8ZD,,,,
L2,1,10uH,L_1008_2520Metric_Pad1.43x2.20mm_HandSolder,,,,smt,Inductor,https://www.mouser.co.uk/ProductDetail/Delevan/S1008R-103J?qs=SJhchFGwXo%2FMvODdhp%2FG%2FA%3D%3D,Delevan,S1008R-103J ,,,,
L3,1,AMCA31-2R450G-S1F-T3,AMCA31-2R450G-S1F-T3,,,,smt,"ABRACON - AMCA31-2R450G-S1F-T3 - ANTENNA, CHIP, 2.45GHZ, 50 OHM, 1206",https://www.mouser.co.uk/ProductDetail/ABRACON/AMCA31-2R450G-S1F-T3?qs=AAveGqk956GLuOddQEK40Q%3D%3D,ABRACON,AMCA31-2R450G-S1F-T3 ,,,,
L4,1,2n7,L_0402_1005Metric,,,,smt,,https://www.mouser.co.uk/ProductDetail/Murata-Electronics/LQG15HS2N7S02D?qs=ctz47l0uL1AKrLI74yO5Qw%3D%3D,Murata,LQG15HS2N7S02D,,,,
R1,1,6.34K,R_0402_1005Metric_Pad0.72x0.64mm_HandSolder,,,,smt,Resistor,https://www.mouser.co.uk/ProductDetail/Bourns/CR0402-FX-6341GLF?qs=sGAEpiMZZMvdGkrng054t%252BRNGJdg958Rs8ed6C6CARE%3D,Bourns,CR0402-FX-6341GLF ,,,,
"R10, R9",2,1M,R_0402_1005Metric_Pad0.72x0.64mm_HandSolder,,,,smt,Resistor,https://www.mouser.co.uk/ProductDetail/Vishay/CRCW04021M00JNTD?qs=9T2AjSQCdRoYu4lle1NsIg%3D%3D,Vishay ,CRCW04021M00JNTD,,,,
"R11, R12, R13, R14, R15, R16, R2",7,10K,R_0402_1005Metric_Pad0.72x0.64mm_HandSolder,,,,smt,Resistor,https://www.mouser.co.uk/ProductDetail/Wurth-Elektronik/560112110006?qs=mELouGlnn3dz%252Bwny0Sv%252BKA%3D%3D,Wurth Elektronik,560112110006,,,,
"R3, R4, R5, R6, R7",5,5K,R_0402_1005Metric_Pad0.72x0.64mm_HandSolder,,,,smt,Resistor,https://www.mouser.co.uk/ProductDetail/YAGEO/RC0402FR-075KL?qs=sGAEpiMZZMvdGkrng054t%2FEV866paE0hyXJSmToclJJKvzVMOUPgFg%3D%3D,YAGEO,RC0402FR-075KL ,,,,
R8,1,50K,R_0402_1005Metric_Pad0.72x0.64mm_HandSolder,,,,smt,Resistor,https://www.mouser.co.uk/ProductDetail/Vishay/CRCW040250K0FKED?qs=ZTJSYgkXUA0CX%252BZe0ESa5A%3D%3D,Vishay ,CRCW040250K0FKED,,,,
U1,1,1016TR,1016TR,,1016TR,,tht,"Cylindrical Battery Contacts, Clips, Holders & Springs Lithium Holder 108 S MT",https://www.mouser.co.uk/ProductDetail/Keystone-Electronics/1016TR?qs=73q%2FgRcW4F1lF%252BFhz48N0Q%3D%3D,Keystone Electronics,1016TR,15.11,534-1016TR,https://www.mouser.co.uk/ProductDetail/Keystone-Electronics/1016TR?qs=73q%2FgRcW4F1lF%252BFhz48N0Q%3D%3D,Keystone Electronics
U2,1,TPS7A2030PDQNR,TPS7A2030PDQNR,,,,smt,,https://www.mouser.co.uk/ProductDetail/Texas-Instruments/TPS7A2030PDQNR?qs=IS%252B4QmGtzzoX%2FTD920Um6g%3D%3D,Texas Instruments,TPS7A2030PDQNR,,,,
U3,1,LM27761,LM27761DSGT,,,,smt,"low-noise regulated switched-capacitor voltage inverter with 2.7V-5.5V input to -1.5 to -5V Output Voltage, WSON-8",https://www.mouser.co.uk/ProductDetail/Texas-Instruments/LM27761DSGR?qs=jK8VN%252BJp1h5rfPCO21nS4g%3D%3D,Texas Instruments,LM27761DSGR,,,,
U4,1,ADS1299IPAGR,ADS1299IPAGR,,,,smt,,https://www.mouser.co.uk/ProductDetail/Texas-Instruments/ADS1299IPAGR?qs=sGAEpiMZZMutXGli8Ay4kMq%2FeT24whT7PrRp9qR%252BEYA%3D,Texas Instruments,ADS1299IPAGR,,,,
U5,1,nRF52832-QFxx,NRF52832-QFAA-R,,,,smt,"Multiprotocol BLE/2.4GHz Cortex-M4 SoC, QFN-48",https://www.mouser.co.uk/ProductDetail/Nordic-Semiconductor/nRF52832-QFAA-R?qs=X3Oj%252BjuKOOLm0FWmA%252BRsrg%3D%3D,Nordic Semiconductor,nRF52832-QFAA-R ,,,,
Y1,1,32MHz,Crystal_SMD_3225-4Pin_3.2x2.5mm_HandSoldering,,,,smt,"Four pin crystal, GND on pins 2 and 4",https://www.mouser.co.uk/ProductDetail/KYOCERA-AVX/CX3225CA32000D0HSSCC?qs=k8ubvZJoN9DbSX3HfZCltQ%3D%3D,KYOCERA AVX,CX3225CA32000D0HSSCC,,,,
